Workbook

Sheet Dashboard
A1: OUTREACH DASHBOARD
B5: TOTAL CONTACTS | E5: WON CUSTOMERS | H5: ACTIVE PIPELINE | K5: FOLLOW-UPS DUE (7 DAYS)
B6: =COUNTA('Outreach Tracker'!$A$5:$A$148) -> 50 | E6: =COUNTIF('Outreach Tracker'!$N$5:$N$148,"Won - Customer") -> 0 | H6: =COUNTIF('Outreach Tracker'!$N$5:$N$148,"Interested")+COUNTIF('Outreach Tracker'!$N$5:$N$148,"Meeting Scheduled")+COUNTIF('Outreach Tracker'!$N$5:$N$148,"Proposal Sent") -> 2 | K6: =SUMPRODUCT(('Outreach Tracker'!$P$5:$P$148<>"")*('Outreach Tracker'!$P$5:$P$148<=TODAY()+7)*(('Outreach Tracker'!$N$5:$N$148<>"Won - Customer")*('Outreach Tracker'!$N$5:$N$148<>"Not Interested"))) -> 2
B12: PIPELINE BY STATUS | E12: BY CONTACT TYPE
B13: Not Contacted | C13: =COUNTIF('Outreach Tracker'!$N$5:$N$148,"Not Contacted") -> 47 | E13: Player | F13: =COUNTIF('Outreach Tracker'!$D$5:$D$148,"Player") -> 1
B14: Contacted | C14: =COUNTIF('Outreach Tracker'!$N$5:$N$148,"Contacted") -> 0 | E14: Club | F14: =COUNTIF('Outreach Tracker'!$D$5:$D$148,"Club") -> 1
B15: Follow-Up Needed | C15: =COUNTIF('Outreach Tracker'!$N$5:$N$148,"Follow-Up Needed") -> 1 | E15: High School Coach | F15: =COUNTIF('Outreach Tracker'!$D$5:$D$148,"High School Coach") -> 48
B16: Interested | C16: =COUNTIF('Outreach Tracker'!$N$5:$N$148,"Interested") -> 1 | E16: Club Coach | F16: =COUNTIF('Outreach Tracker'!$D$5:$D$148,"Club Coach") -> 0
B17: Meeting Scheduled | C17: =COUNTIF('Outreach Tracker'!$N$5:$N$148,"Meeting Scheduled") -> 1 | E17: Parent | F17: =COUNTIF('Outreach Tracker'!$D$5:$D$148,"Parent") -> 0
B18: Proposal Sent | C18: =COUNTIF('Outreach Tracker'!$N$5:$N$148,"Proposal Sent") -> 0 | E18: Recruiter/Scout | F18: =COUNTIF('Outreach Tracker'!$D$5:$D$148,"Recruiter/Scout") -> 0
B19: Won - Customer | C19: =COUNTIF('Outreach Tracker'!$N$5:$N$148,"Won - Customer") -> 0 | E19: Other | F19: =COUNTIF('Outreach Tracker'!$D$5:$D$148,"Other") -> 0
B20: Not Interested | C20: =COUNTIF('Outreach Tracker'!$N$5:$N$148,"Not Interested") -> 0
B21: No Response | C21: =COUNTIF('Outreach Tracker'!$N$5:$N$148,"No Response") -> 0
B24: BY PRIORITY | E24: Tip: filter the Outreach Tracker sheet by Status
B25: High | C25: =COUNTIF('Outreach Tracker'!$R$5:$R$148,"High") -> 2 | E25: to build a quick call list before a session.
B26: Medium | C26: =COUNTIF('Outreach Tracker'!$R$5:$R$148,"Medium") -> 1
B27: Low | C27: =COUNTIF('Outreach Tracker'!$R$5:$R$148,"Low") -> 0

Sheet Outreach Tracker
A1: ATHLETEFOLIO | OUTREACH TRACKER
A3: One row per contact. Click cells in Contact Type, Outreach Method, Status, and Priority to pick from a dropdown.
A4: ID | B4: Date First Contacted | C4: Name | D4: Contact Type | E4: Organization / Team / School | F4: Grad Year | G4: Position | H4: City, State | I4: Email | J4: Phone | K4: Instagram / Social | L4: Source | M4: Outreach Method | N4: Status | O4: Last Contact | P4: Next Follow-Up | Q4: Touchpoints | R4: Priority | S4: Referred By | T4: Notes
A5: 1 | B5: 46174 | C5: Jordan Williams | D5: Player | E5: Lakeview HS Soccer | F5: 2027 | G5: Forward | H5: Austin, TX | I5: jordan.w@email.com | J5: 512-555-0143 | K5: @jwilliams_10 | L5: Instagram DM | M5: Instagram DM | N5: Interested | O5: 46193 | P5: 46218 | Q5: 3 | R5: High | T5: Dad is a coach too, warm lead. Wants site before fall showcase.
A6: 2 | B6: 46178 | C6: Coach Mike Torres | D6: High School Coach | E6: Cedar Park HS | H6: Cedar Park, TX | I6: mtorres@cedarparkisd.org | J6: 512-555-0199 | L6: Email | M6: Email | N6: Follow-Up Needed | O6: 46178 | P6: 46215 | Q6: 1 | R6: Medium | T6: Sent intro email + pricing one-pager. No response yet.
A7: 3 | B7: 46183 | C7: Austin FC Youth Club | D7: Club | E7: Austin FC Youth | H7: Austin, TX | I7: info@austinfcyouth.org | J7: 512-555-0110 | K7: @austinfcyouth | L7: In-Person | M7: In-Person | N7: Meeting Scheduled | O7: 46204 | P7: 46221 | Q7: 4 | R7: High | S7: Jordan Williams | T7: Meeting w/ director set for 7/18 re: bulk club discount.
A8: 4 | C8: Michael Silverstein | D8: High School Coach | E8: Clarence HS | H8: Clarence, NY | I8: msilverstein@clarenceschools.org | L8: Web Research | N8: Not Contacted | Q8: 0 | T8: League: ECIC I. Source: https://www.clarenceschools.org/athletics/coach-listing
A9: 5 | C9: Ronald Sporyz | D9: High School Coach | E9: Frontier HS | H9: Hamburg, NY | I9: ronaldsporyz60@gmail.com | L9: Web Research | N9: Not Contacted | Q9: 0 | T9: League: ECIC I. Source: https://highschoolsports.org/new-york/nysphsaa/section-6/girls-soccer/2025/team/frontier/staff
A10: 6 | C10: Brianna Sorrentino | D10: High School Coach | E10: Lancaster HS | H10: Lancaster, NY | I10: bsorrentino@lancasterschools.org | L10: Web Research | N10: Not Contacted | Q10: 0 | T10: League: ECIC I. Source: https://highschoolsports.org/new-york/nysphsaa/section-6/girls-soccer/2025/team/lancaster/staff
A11: 7 | C11: Mike Graffeo | D11: High School Coach | E11: Orchard Park HS | H11: Orchard Park, NY | I11: mgraffeo@opschools.org | J11: (716) 209-6208 (athletics office) | L11: Web Research | N11: Not Contacted | Q11: 0 | T11: League: ECIC I. Source: https://www.opschools.org/departments/athletic-department/sports-offered-and-coaches
A12: 8 | C12: Justin DiLoro | D12: High School Coach | E12: West Seneca HS (East/West co-op) | H12: West Seneca, NY | I12: jdiloro@wscschools.org | L12: Web Research | N12: Not Contacted | Q12: 0 | T12: League: ECIC I. Source: https://highschoolsports.org/new-york/nysphsaa/section-6/girls-soccer/2025/team/west-seneca/staff
A13: 9 | C13: Michael Chrites | D13: High School Coach | E13: Williamsville North HS | H13: Amherst, NY | I13: mchrites@williamsvillek12.org | J13: 716-626-8542 (AD office) | L13: Web Research | N13: Not Contacted | Q13: 0 | T13: League: ECIC I. Source: https://highschoolsports.org/new-york/nysphsaa/section-6/girls-soccer/2025/team/williamsville-north/staff
A14: 10 | C14: JoAnna Fildes | D14: High School Coach | E14: Amherst HS | H14: Amherst, NY | I14: jfildes@amherstschools.org | L14: Web Research | N14: Not Contacted | Q14: 0 | T14: League: ECIC II. Source: https://highschoolsports.org/new-york/nysphsaa/section-6/girls-soccer/2025/team/amherst/staff
A15: 11 | C15: Krissy McCabe | D15: High School Coach | E15: Hamburg HS | H15: Hamburg, NY | I15: kmccabe0803@gmail.com | L15: Web Research | N15: Not Contacted | Q15: 0 | T15: League: ECIC II. Source: https://highschoolsports.org/new-york/nysphsaa/section-6/girls-soccer/2025/team/hamburg/staff
A16: 12 | C16: Kristen Casero | D16: High School Coach | E16: Starpoint HS | H16: Lockport, NY | L16: Web Research | N16: Not Contacted | Q16: 0 | T16: League: ECIC II. Source: https://www.starpointcsd.org/domain/30 NOTE: Email found in Section VI data had a mismatched domain (nwcsd.org, which belongs to Niagara-Wheatfield) - verify directly via district before contacting.
A17: 13 | C17: Mark Ricupito | D17: High School Coach | E17: Sweet Home HS | H17: Amherst, NY | I17: mricupito@sweethomeschools.org | L17: Web Research | N17: Not Contacted | Q17: 0 | T17: League: ECIC II. Source: https://highschoolsports.org/new-york/nysphsaa/section-6/girls-soccer/2025/team/sweet-home/staff
A18: 14 | C18: Liam Kelly | D18: High School Coach | E18: Williamsville East HS | H18: East Amherst, NY | I18: liamk739@gmail.com | L18: Web Research | N18: Not Contacted | Q18: 0 | T18: League: ECIC II. Source: https://highschoolsports.org/new-york/nysphsaa/section-6/girls-soccer/2025/team/williamsville-east/staff
A19: 15 | C19: Carissima Cutrona | D19: High School Coach | E19: Williamsville South HS | H19: Amherst, NY | I19: carissim@buffalo.edu | L19: Web Research | N19: Not Contacted | Q19: 0 | T19: League: ECIC II. Source: https://highschoolsports.org/new-york/nysphsaa/section-6/girls-soccer/2025/team/williamsville-south/staff
A20: 16 | C20: Paul Caban | D20: High School Coach | E20: Depew HS | H20: Depew, NY | I20: pcaban@depewschools.org | L20: Web Research | N20: Not Contacted | Q20: 0 | T20: League: ECIC III. Source: https://highschoolsports.org/new-york/nysphsaa/section-6/girls-soccer/2025/team/depew/staff
A21: 17 | C21: Sydney Cerza | D21: High School Coach | E21: East Aurora HS | H21: East Aurora, NY | I21: scerza@eak12.org | L21: Web Research | N21: Not Contacted | Q21: 0 | T21: League: ECIC III. Source: https://highschoolsports.org/new-york/nysphsaa/section-6/girls-soccer/2025/team/east-aurora/staff
A22: 18 | C22: Grace Kulniszewski | D22: High School Coach | E22: Iroquois HS | H22: Elma, NY | I22: grace.kulniszewski8@yahoo.com | L22: Web Research | N22: Not Contacted | Q22: 0 | T22: League: ECIC III. Source: https://highschoolsports.org/new-york/nysphsaa/section-6/girls-soccer/2025/team/iroquois/staff
A23: 19 | C23: Breanna Blasz | D23: High School Coach | E23: Lake Shore HS | H23: Angola, NY | I23: breanna.blasz@lscsd.org | L23: Web Research | N23: Not Contacted | Q23: 0 | T23: League: ECIC III. Source: https://highschoolsports.org/new-york/nysphsaa/section-6/girls-soccer/2025/team/lake-shore/staff
A24: 20 | C24: Tracy Poole | D24: High School Coach | E24: Maryvale HS | H24: Cheektowaga, NY | I24: poolsie@yahoo.com | L24: Web Research | N24: Not Contacted | Q24: 0 | T24: League: ECIC III. Source: https://highschoolsports.org/new-york/nysphsaa/section-6/girls-soccer/2025/team/maryvale/staff
A25: 21 | C25: Tammy Whiteford | D25: High School Coach | E25: Alden HS | H25: Alden, NY | I25: twhiteford@aldenschools.org | L25: Web Research | N25: Not Contacted | Q25: 0 | T25: League: ECIC IV. Source: https://highschoolsports.org/new-york/nysphsaa/section-6/girls-soccer/2025/team/alden/staff
A26: 22 | C26: Kevin Witman | D26: High School Coach | E26: Eden HS | H26: Eden, NY | I26: kwitman@edencsd.org | L26: Web Research | N26: Not Contacted | Q26: 0 | T26: League: ECIC IV. Source: https://highschoolsports.org/new-york/nysphsaa/section-6/girls-soccer/2025/team/eden/staff
A27: 23 | C27: Kelly Reisdorf | D27: High School Coach | E27: Holland HS | H27: Holland, NY | I27: kreisdorf9@gmail.com | L27: Web Research | N27: Not Contacted | Q27: 0 | T27: League: ECIC IV. Source: https://highschoolsports.org/new-york/nysphsaa/section-6/girls-soccer/2025/team/holland/staff
A28: 24 | C28: Eric Fiorello | D28: High School Coach | E28: JFK HS (Cheektowaga-Sloan) | H28: Cheektowaga, NY | I28: efiorello@cheektowagasloan.org | L28: Web Research | N28: Not Contacted | Q28: 0 | T28: League: ECIC IV. Source: https://highschoolsports.org/new-york/nysphsaa/section-6/girls-soccer/2025/team/jfk/staff
... A44: 40 | C44: Lee Dillenbeck | D44: High School Coach | E44: Barker/Lyndonville HS (co-op) | H44: Barker/Lyndonville, NY | I44: ldillenbeck@lcsdk12.org | L44: Web Research | N44: Not Contacted | Q44: 0 | T44: League: Niagara-Orleans League. Source: https://highschoolsports.org/new-york/nysphsaa/section-6/girls-soccer/2025/team/barker-lyndonville/staff NOTE: Co-op program; Barker is Niagara Co., Lyndonville is Orleans Co.
A45: 41 | C45: Kayode McKinnon | D45: High School Coach | E45: Mount St. Mary Academy | H45: Kenmore, NY | L45: Web Research | N45: Not Contacted | Q45: 0 | T45: League: Monsignor Martin Athletic Assoc.. Source: https://www.mountsaintmary.org/athletics/mount-coaching-staff NOTE: Coach email/phone not listed publicly.
A46: 42 | C46: M. Higgins (unconfirmed) | D46: High School Coach | E46: Mount Mercy Academy | H46: Buffalo, NY | I46: ioakley@mtmercy.org | J46: 716-825-8796 ext. 306 (AD Isabella Oakley) | L46: Web Research | N46: Not Contacted | Q46: 0 | T46: League: Monsignor Martin Athletic Assoc.. Source: https://www.mtmercy.org/athletics NOTE: Coach name unconfirmed and no direct contact publicly listed; contact info given is for the Athletic Director instead.
A47: 43 | C47: Frank Cotroneo | D47: High School Coach | E47: Nardin Academy | H47: Buffalo, NY | L47: Web Research | N47: Not Contacted | Q47: 0 | T47: League: Monsignor Martin Athletic Assoc.. Source: https://www.maxpreps.com/ny/buffalo/nardin-academy-gators/soccer/girls/ NOTE: Coach email/phone not listed publicly.
A48: 44 | C48: David Tredo | D48: High School Coach | E48: Buffalo Academy of the Sacred Heart | H48: Buffalo, NY | J48: (716) 834-2101 (school main) | L48: Web Research | N48: Not Contacted | Q48: 0 | T48: League: Monsignor Martin Athletic Assoc.. Source: https://www.maxpreps.com/ny/buffalo/sacred-heart-academy-sharks/soccer/girls/ NOTE: Coach direct email not listed publicly.
A49: 45 | C49: N. Nobrega | D49: High School Coach | E49: Buffalo Seminary | H49: Buffalo, NY | L49: Web Research | N49: Not Contacted | Q49: 0 | T49: League: Monsignor Martin Athletic Assoc.. Source: https://www.maxpreps.com/high-schools/buffalo-seminary-red-tail-hawks-(buffalo,ny)/girls-soccer/home.htm NOTE: Coach email/phone not listed publicly.
A50: 46 | C50: Robert (Rob) Walowitz | D50: High School Coach | E50: Cardinal O'Hara HS | H50: Tonawanda, NY | I50: president@gisoccerclub.org | L50: Web Research | N50: Not Contacted | Q50: 0 | T50: League: Monsignor Martin Athletic Assoc.. Source: https://www.cardinalohara.com/fall-athletics/ NOTE: Email domain looks like a soccer club/league address rather than the school - verify before relying on it.
A51: 47 | C51: Brittany Heist | D51: High School Coach | E51: St. Mary's High School | H51: Lancaster, NY | I51: bheist@smhlancers.org | L51: Web Research | N51: Not Contacted | Q51: 0 | T51: League: Monsignor Martin Athletic Assoc.. Source: https://www.smhlancers.org/lancer-coaches/
A52: 48 | C52: Larry Desautels | D52: High School Coach | E52: Nichols School | H52: Buffalo, NY | J52: (716) 332-6300 (school main) | L52: Web Research | N52: Not Contacted | Q52: 0 | T52: League: Monsignor Martin Athletic Assoc.. Source: https://www.maxpreps.com/ny/buffalo/nichols-vikings/soccer/girls/staff/ NOTE: Coach direct email not listed publicly.
A53: 49 | C53: Jason Milne | D53: High School Coach | E53: City Honors School | H53: Buffalo, NY | L53: Web Research | N53: Not Contacted | Q53: 0 | T53: League: Buffalo Public Schools. Source: https://www.maxpreps.com/ny/buffalo/city-honors-centaurs/soccer/girls/ NOTE: Coach email/phone not listed publicly.
A54: 50 | C54: J. Folckemer | D54: High School Coach | E54: Olmsted High School | H54: Buffalo, NY | L54: Web Research | N54: Not Contacted | Q54: 0 | T54: League: Buffalo Public Schools. Source: https://www.maxpreps.com/high-schools/olmsted-owls-(buffalo,ny)/girls-soccer/home.htm NOTE: Coach email/phone not listed publicly.

Sheet Instructions
A1: HOW TO USE THIS TRACKER
B5: OVERVIEW
B6: Outreach Tracker tab | C6: Log every player, club, coach, or parent you reach out to — one row per contact. Contact Type, Outreach Method, Status, and Priority are dropdowns: click the cell and use the arrow.
B7: Dashboard tab | C7: Auto-updates as you fill in the tracker: total contacts, pipeline by status, breakdown by contact type and priority, and follow-ups due in the next 7 days.
B9: STATUS DEFINITIONS
B10: Not Contacted | C10: On your list, but you haven't reached out yet.
B11: Contacted | C11: First outreach sent (email, DM, call). Waiting to hear back.
B12: Follow-Up Needed | C12: You've made contact but need to follow up again.
B13: Interested | C13: They responded positively and want more info.
B14: Meeting Scheduled | C14: A call or meeting is booked.
B15: Proposal Sent | C15: You've sent pricing/details and are waiting on a decision.
B16: Won - Customer | C16: They signed up — active client.
B17: Not Interested | C17: They declined. Keep for records / future re-outreach.
B18: No Response | C18: Multiple attempts made, no reply.
B20: PRIORITY GUIDE
B21: High | C21: Warm lead, close to a decision, or a high-value club/school with many athletes.
B22: Medium | C22: Responsive but no clear timeline yet.
B23: Low | C23: Cold or long-shot contact — check in occasionally.
